,MODEL,Forecast,MSE,MAE,RMSE,MAPE,Accuracy
0,<statsmodels.tsa.arima.model.ARIMA object at 0x000002A7B1666660>,"Close           mean   mean_se  mean_ci_lower  mean_ci_upper
2024-02-01  5.209434  0.017734       5.174676       5.244191
2024-02-02  5.209404  0.024599       5.161192       5.257617
2024-02-05  5.209405  0.029943       5.150717       5.268093
2024-02-06  5.209405  0.034469       5.141848       5.276962
2024-02-07  5.209405  0.038465       5.134015       5.284795
...              ...       ...            ...            ...
2025-08-19  5.209405  0.336326       4.550218       5.868592
2025-08-20  5.209405  0.336759       4.549370       5.869441
2025-08-21  5.209405  0.337192       4.548522       5.870289
2025-08-22  5.209405  0.337623       4.547675       5.871135
2025-08-25  5.209405  0.338055       4.546830       5.871981

[392 rows x 4 columns]",0.031210837254562897,0.1554868286289155,0.176665891599264,2.8794579439730144,97.12054205602699
